Nro;Tipo Doc;Tipo Compra;RUT Proveedor;Razon Social;Folio;Fecha Docto;Fecha Recepcion;Fecha Acuse;Monto Exento;Monto Neto;Monto IVA Recuperable;Monto Iva No Recuperable;Codigo IVA No Rec.;Monto Total;Monto Neto Activo Fijo;IVA Activo Fijo;IVA uso Comun;Impto. Sin Derecho a Credito;IVA No Retenido;Tabacos Puros;Tabacos Cigarrillos;Tabacos Elaborados;NCE o NDE sobre Fact. de Compra;Codigo Otro Impuesto;Valor Otro Impuesto;Tasa Otro Impuesto
1;33;Del Giro;77263238-K;OPERACION EN RUTA SPA;61245;02/07/2026;02/07/2026 12:47:02;;0;13070;2483;;;25000;;;;9447;0;;;;0;35;9447;0;
2;33;Del Giro;85896100-9;SERVICIOS EQUIFAX CHILE LIMITADA;4166992;02/07/2026;02/07/2026 13:41:24;;0;23521;4469;;;27990;;;;;0;;;;0;;;;
3;33;Del Giro;77263238-K;OPERACION EN RUTA SPA;61262;02/07/2026;02/07/2026 19:10:23;;0;330634;62821;;;500000;;;;;0;;;;0;28;106545;0;
4;33;Del Giro;78331944-6;COMERCIALIZADORA Y SERVICIOS DEL MAULE SPA;79;03/07/2026;03/07/2026 15:36:18;;0;1090000;207100;;;1297100;;;;;0;;;;0;;;;
5;33;Del Giro;79615590-6;ROSSELOT Y FIGUEROA LIMITADA;292420;03/07/2026;03/07/2026 16:20:58;;0;337815;64185;;;402000;;;;;0;;;;0;;;;
6;33;Del Giro;77385138-7;SIVORI COMBUSTIBLES SPA;93441;04/07/2026;04/07/2026 16:19:10;;0;42382;8053;;;77509;;;;27074;0;;;;0;35;27074;0;
7;33;Del Giro;77385138-7;SIVORI COMBUSTIBLES SPA;93458;05/07/2026;05/07/2026 10:28:17;;0;399988;75998;;;609717;;;;;0;;;;0;28;133731;0;
8;33;Del Giro;77385138-7;SIVORI COMBUSTIBLES SPA;93486;06/07/2026;06/07/2026 05:19:08;;0;36350;6907;;;55410;;;;;0;;;;0;28;12153;0;
9;33;Del Giro;77263238-K;OPERACION EN RUTA SPA;61377;07/07/2026;07/07/2026 07:18:29;;0;330634;62821;;;500000;;;;;0;;;;0;28;106545;0;
10;33;Del Giro;77263238-K;OPERACION EN RUTA SPA;61389;07/07/2026;07/07/2026 13:00:08;;0;26050;4950;;;31000;;;;;0;;;;0;;;;
11;33;Del Giro;77263238-K;OPERACION EN RUTA SPA;61390;07/07/2026;07/07/2026 13:00:43;;0;66480;12631;;;120565;;;;41454;0;;;;0;35;41454;0;
12;33;Del Giro;93737000-8;GTD MANQUEHUE S.A.;3085520;05/07/2026;07/07/2026 19:44:42;;0;45055;8561;;;53616;;;;;0;;;;0;;;;
13;33;Del Giro;77263238-K;OPERACION EN RUTA SPA;61436;08/07/2026;08/07/2026 19:02:08;;0;88279;16773;;;133500;;;;;0;;;;0;28;28448;0;
14;33;Del Giro;77215640-5;ADMINISTRADORA DE VENTAS AL DETALLE LTDA;23851591;09/07/2026;09/07/2026 07:00:56;;0;45515;8648;;;75160;;;;20997;0;;;;0;35;20997;0;
15;33;Del Giro;77263238-K;OPERACION EN RUTA SPA;61462;09/07/2026;09/07/2026 14:00:12;;0;277271;52682;;;366500;;;;;0;;;;0;28;36547;0;
16;33;Del Giro;77385138-7;SIVORI COMBUSTIBLES SPA;93725;09/07/2026;09/07/2026 16:28:33;;0;42950;8160;;;72738;;;;21628;0;;;;0;35;21628;0;
17;33;Del Giro;76166816-1;Autopista Vespucio Norte;5190428;09/07/2026;10/07/2026 13:28:05;;17632;1866;355;;;19853;;;;;0;;;;0;;;;
18;33;Del Giro;97080000-K;BANCO BICE;3824142;06/07/2026;10/07/2026 16:12:13;;0;2317;440;;;2757;;;;;0;;;;0;;;;
19;33;Del Giro;77385138-7;SIVORI COMBUSTIBLES SPA;93891;12/07/2026;12/07/2026 16:37:08;;0;407541;77433;;;540685;;;;;0;;;;0;28;55711;0;
20;33;Del Giro;77225200-5;ARRENDADORA DE VEHICULOS SOCIEDAD ANONIMA;554509;12/07/2026;12/07/2026 16:46:27;;0;175078;33265;;;208343;;;;;0;;;;0;;;;
21;33;Del Giro;77385138-7;SIVORI COMBUSTIBLES SPA;93902;13/07/2026;13/07/2026 05:28:08;;0;41672;7918;;;55287;;;;;0;;;;0;28;5697;0;
22;33;Del Giro;76124890-1;Telefónica Móviles Chile S.A.;73614934;12/07/2026;13/07/2026 06:48:40;;0;286037;54347;;;340384;;;;;0;;;;0;;;;
23;33;Del Giro;78045980-8;Ferreteria Industrial Talca Limitada;319173;13/07/2026;13/07/2026 15:20:33;;0;178569;33928;;;212497;;;;;0;;;;0;;;;
24;33;Del Giro;76381570-6;INTERFACTOR  S.A;9909;13/07/2026;14/07/2026 11:37:35;;0;867135;164756;;;1031891;;;;;0;;;;0;;;;
25;33;Del Giro;76381570-6;INTERFACTOR  S.A;9912;13/07/2026;14/07/2026 11:37:35;;0;621761;118135;;;739896;;;;;0;;;;0;;;;
26;33;Del Giro;77385138-7;SIVORI COMBUSTIBLES SPA;94019;14/07/2026;14/07/2026 13:19:45;;0;43641;8292;;;73316;;;;21383;0;;;;0;35;21383;0;
27;33;Del Giro;76499111-7;ESTACION DE SERVICIO PETROCAMP LIMITADA;27043;14/07/2026;14/07/2026 18:08:30;;0;30358;5768;;;40000;;;;;0;;;;0;28;3874;0;
28;33;Del Giro;77263238-K;OPERACION EN RUTA SPA;61633;15/07/2026;15/07/2026 07:32:29;;0;378269;71871;;;500000;;;;;0;;;;0;28;49860;0;
29;33;Del Giro;77263238-K;OPERACION EN RUTA SPA;61645;15/07/2026;15/07/2026 11:56:21;;0;8910;1693;;;15000;;;;4397;0;;;;0;35;4397;0;
30;33;Del Giro;77385138-7;SIVORI COMBUSTIBLES SPA;94125;15/07/2026;15/07/2026 17:37:24;;0;55706;10584;;;73905;;;;;0;;;;0;28;7615;0;
31;33;Del Giro;77385138-7;SIVORI COMBUSTIBLES SPA;94129;15/07/2026;15/07/2026 18:01:28;;0;40744;7741;;;68448;;;;19963;0;;;;0;35;19963;0;
32;33;Del Giro;77385138-7;SIVORI COMBUSTIBLES SPA;94135;15/07/2026;15/07/2026 19:28:13;;0;74708;14194;;;125507;;;;36605;0;;;;0;35;36605;0;
33;33;Del Giro;77215640-5;ADMINISTRADORA DE VENTAS AL DETALLE LTDA;23903700;15/07/2026;15/07/2026 20:17:05;;0;20336;3864;;;24200;;;;;0;;;;0;;;;
34;33;Del Giro;77385138-7;SIVORI COMBUSTIBLES SPA;94139;16/07/2026;16/07/2026 09:01:09;;0;35108;6670;;;46577;;;;;0;;;;0;28;4799;0;
35;33;Del Giro;77263238-K;OPERACION EN RUTA SPA;61669;16/07/2026;16/07/2026 10:54:26;;0;202586;38491;;;250000;;;;;0;;;;0;28;8923;0;
36;33;Del Giro;77263238-K;OPERACION EN RUTA SPA;61670;16/07/2026;16/07/2026 10:57:12;;0;26050;4950;;;31000;;;;;0;;;;0;;;;
37;33;Del Giro;77263238-K;OPERACION EN RUTA SPA;61682;16/07/2026;16/07/2026 16:37:56;;0;18669;3547;;;30000;;;;7784;0;;;;0;35;7784;0;
38;33;Del Giro;77385138-7;SIVORI COMBUSTIBLES SPA;94173;17/07/2026;17/07/2026 08:28:14;;0;184859;35123;;;228405;;;;;0;;;;0;28;8423;0;
39;33;Del Giro;76381570-6;INTERFACTOR  S.A;9916;15/07/2026;17/07/2026 09:15:52;;0;2937557;558136;;;3495693;;;;;0;;;;0;;;;
40;33;Del Giro;78182565-4;COMERCIALIZADORA MUSANTE SPA;16826;17/07/2026;17/07/2026 18:00:36;;0;78499;14915;;;124561;;;;31147;0;;;;0;35;31147;0;
41;33;Del Giro;77385138-7;SIVORI COMBUSTIBLES SPA;94220;18/07/2026;18/07/2026 10:01:08;;0;38840;7380;;;47990;;;;;0;;;;0;28;1770;0;
42;33;Del Giro;78310381-8;LUBRITAL DIAZ SPA;604;18/07/2026;18/07/2026 10:41:38;;0;173488;32963;;;206451;;;;;0;;;;0;;;;
43;33;Del Giro;77385138-7;SIVORI COMBUSTIBLES SPA;94264;19/07/2026;19/07/2026 14:19:08;;0;436638;82961;;;539495;;;;;0;;;;0;28;19896;0;
44;33;Del Giro;77263238-K;OPERACION EN RUTA SPA;61788;20/07/2026;20/07/2026 19:15:01;;0;202586;38491;;;250000;;;;;0;;;;0;28;8923;0;
45;33;Del Giro;77385138-7;SIVORI COMBUSTIBLES SPA;94357;21/07/2026;21/07/2026 12:19:19;;0;45082;8566;;;72271;;;;18623;0;;;;0;35;18623;0;
46;33;Del Giro;77263238-K;OPERACION EN RUTA SPA;61849;22/07/2026;22/07/2026 15:00:30;;0;15557;2956;;;25000;;;;6487;0;;;;0;35;6487;0;
47;33;Del Giro;76099850-8;COM E INVERSIONES BORQUEZ HULSE LTDA;755746;23/07/2026;23/07/2026 08:23:35;;0;26410;5018;;;40000;;;;8572;0;;;;0;35;8572;0;
48;33;Del Giro;77385138-7;SIVORI COMBUSTIBLES SPA;94504;23/07/2026;23/07/2026 14:19:15;;0;40305;7658;;;44835;;;;;0;;;;0;28;1;0;
49;33;Del Giro;77263238-K;OPERACION EN RUTA SPA;61885;23/07/2026;23/07/2026 19:15:43;;0;26050;4950;;;31000;;;;;0;;;;0;;;;
50;33;Del Giro;77263238-K;OPERACION EN RUTA SPA;61886;23/07/2026;23/07/2026 19:18:23;;0;420729;79938;;;469000;;;;;0;;;;0;28;1;0;
51;33;Del Giro;77385138-7;SIVORI COMBUSTIBLES SPA;94528;23/07/2026;23/07/2026 19:46:17;;0;73899;14041;;;112862;;;;24922;0;;;;0;35;24922;0;
52;33;Del Giro;77385138-7;SIVORI COMBUSTIBLES SPA;94539;24/07/2026;24/07/2026 08:19:07;;0;48391;9194;;;73905;;;;16320;0;;;;0;35;16320;0;
53;33;Del Giro;77385138-7;SIVORI COMBUSTIBLES SPA;94559;24/07/2026;24/07/2026 10:28:20;;0;75716;14387;;;84226;;;;;0;;;;0;28;1;0;
54;33;Del Giro;77385138-7;SIVORI COMBUSTIBLES SPA;94676;26/07/2026;26/07/2026 14:37:11;;0;478721;90956;;;532525;;;;;0;;;;0;28;1;0;
55;33;Del Giro;77385138-7;SIVORI COMBUSTIBLES SPA;94690;27/07/2026;27/07/2026 05:28:07;;0;49628;9430;;;55206;;;;;0;;;;0;28;1;0;
56;33;Del Giro;77215640-5;ADMINISTRADORA DE VENTAS AL DETALLE LTDA;24120033;27/07/2026;27/07/2026 06:05:28;;0;88568;16828;;;134016;;;;28620;0;;;;0;35;28620;0;
57;33;Del Giro;76197149-2;COMERCIAL Y SERVICIOS TARAHUIN LIMITADA;741553;27/07/2026;27/07/2026 07:46:28;;0;77059;14641;;;86004;;;;;0;;;;0;28;1;0;
58;33;Del Giro;77385138-7;SIVORI COMBUSTIBLES SPA;94743;27/07/2026;27/07/2026 20:37:11;;0;45659;8675;;;69733;;;;15399;0;;;;0;35;15399;0;
59;33;Del Giro;76381570-6;INTERFACTOR  S.A;9948;27/07/2026;28/07/2026 09:04:59;;0;620023;117804;;;737827;;;;;0;;;;0;;;;
60;33;Del Giro;77263238-K;OPERACION EN RUTA SPA;62446;28/07/2026;28/07/2026 19:37:48;;0;72615;13797;;;110378;;;;23966;0;;;;0;35;23966;0;
61;34;Del Giro;77589965-4;ASESORIAS TAX FINANCIAL LIMITADA;1126;01/07/2026;01/07/2026 11:29:28;;500000;0;0;;;500000;;;;;0;;;;0;;;;
62;34;Del Giro;96875230-8;RUTA DEL MAIPO SOCIEDAD CONCESIONARIA, S.A.;7918162;05/07/2026;05/07/2026 18:34:48;;31738;0;0;;;31738;;;;;0;;;;0;;;;
63;34;Del Giro;76496130-7;Sociedad Concesionaria Costanera Norte S.A.;12288151;07/07/2026;08/07/2026 04:10:55;;6670;0;0;;;6670;;;;;0;;;;0;;;;
64;34;Del Giro;76052927-3;Soc. Conc. Autopista Nueva Vespucio Sur S.A.;15088361;08/07/2026;08/07/2026 12:41:19;;4422;0;0;;;4422;;;;;0;;;;0;;;;
65;34;Del Giro;77722758-0;SOCIEDAD CONCESIONARIA RUTA 5 CHILLAN-COLLIPULLI S.A.;1942778;09/07/2026;09/07/2026 21:02:06;;67750;0;0;;;67750;;;;;0;;;;0;;;;
66;34;Del Giro;76376061-8;SOCIEDAD CONCESIONARIA VESPUCIO ORIENTE S.A.;3415315;14/07/2026;14/07/2026 15:35:22;;11530;0;0;;;11530;;;;;0;;;;0;;;;
67;34;Del Giro;76052927-3;Soc. Conc. Autopista Nueva Vespucio Sur S.A.;15105847;14/07/2026;17/07/2026 08:28:33;;1365;0;0;;;1365;;;;;0;;;;0;;;;
68;34;Del Giro;77337752-9;SOCIEDAD CONCESIONARIA RUTA 5 TALCA-CHILLAN S.A.;1944377;23/07/2026;23/07/2026 02:30:42;27/07/2026 11:53:10;48446;0;0;;;48446;;;;;0;;;;0;;;;
69;34;Del Giro;96945440-8;SOC CONCESIONARIA AUTOPISTA CENTRAL S A;20469757;24/07/2026;24/07/2026 18:03:18;27/07/2026 11:53:09;21585;0;0;;;21585;;;;;0;;;;0;;;;
